Comment,Designator,Footprint,LCSC
SN74LV1T34DBV,"U16,U17,U18,U19,U20,U21",SOT-23-5,C100024
120R,"FB1,FB2",R_0805_2012Metric,C1015
ATtiny88-A,U7,TQFP-32_7x7mm_P0.8mm,C111451
120uF,C43,CAP-SMD_BD10.0-L10.3-W10.3-FD_EEHZC1E331P,C128514
22uF,"C48,C49,C55,C56,C66,C67",C_1206_3216Metric,C12891
NCE60P25K,"Q1,Q10,Q3,Q5",TO-252-2,C130105
10uF,"C1,C156,C33,C34,C51,C52,C58,C59,C69,C70",C_1206_3216Metric,C13585
16Mhz,Y1,Crystal_SMD_3225-4Pin_3.2x2.5mm,C13738
470nF,C41,C_0805_2012Metric,C13967
12 V,"D74,D75,D76,D77",D_SOD-123,C151340
10nF,"C159,C18,C19,C20,C36,C9",C_0402_1005Metric,C15195
1pF,"C21,C22,C23,C28,C29,C30,C78,C79,C80",C_0402_1005Metric,C1550
1uF,"C10,C11,C157,C158",C_0603_1608Metric,C15849
15nF,C46,C_0603_1608Metric,C1596
10pF,"C16,C17",C_0603_1608Metric,C1634
4.7uH,"L2,L4",IND-FXL1040-4R7-M,C167230
470pF,C42,C_0805_2012Metric,C1743
16k,"R14,R18,R56",R_0805_2012Metric,C17490
DRV8874PWPR,"U4,U5,U6",HTSSOP-16-1EP_4.4x5mm_P0.65mm_EP3.4x5mm_Mask3x3mm_ThermalVias,C1855818
39uF,"C38,C39,C40",CAP-SMD_BD8.0-L8.3-W8.3-LS9.0-FD_35SVPF39M,C189474
KLJ-5025,LS1,KLJ-5025_KKG,C201046
TPS56339DDC,"U10,U11,U15",TSOT-23-6,C2071106
33nF,"C24,C31,C81",C_0603_1608Metric,C21117
0R,R32,R_0603_1608Metric,C21189
1k,"R26,R29,R33,R62,R65",R_0603_1608Metric,C21190
1.2k,"R42,R50",R_0603_1608Metric,C22765
120,"R10,R11,R12,R6",R_0603_1608Metric,C22787
150k,R31,R_0603_1608Metric,C22807
191k,R39,R_0805_2012Metric_Pad1.20x1.40mm_HandSolder,C228358
1.5k,"R15,R19,R57",R_0603_1608Metric,C22843
LED_R,"D72,D73",LED_0603_1608Metric,C2286
2k4,R46,R_0603_1608Metric,C22940
220R,"R35,R36",R_0603_1608Metric,C22962
30k,"R43,R51",R_0603_1608Metric,C22984
30R,"R44,R48,R52",R_0603_1608Metric,C23140
4k7,"R69,R70",R_0603_1608Metric,C23162
47R,"R2,R5",R_0603_1608Metric,C23182
5.1k,"R3,R4",R_0603_1608Metric,C23186
51k,"R16,R47,R54,R58",R_0603_1608Metric,C23196
220uF,"C154,C155,C27,C77,C84,C85,C86,C87",CP_Elec_8x10.5,C251000
100k,"R20,R22,R24,R27,R28,R30,R34,R60,R61,R63,R64,R66,R7,R77,R78,R79,R80",R_0603_1608Metric,C25803
10k,"R1,R13,R17,R25,R37,R41,R45,R49,R53,R55,R59,R67,R68,R75,R76,R8,R9",R_0603_1608Metric,C25804
18k,"R21,R23",R_0603_1608Metric,C25810
10m,R73,R_2512_6332Metric,C2838941
100nF,"C100,C101,C102,C103,C104,C105,C106,C107,C108,C109,C110,C111,C112,C113,C114,C115,C116,C117,C118,C119,C12,C120,C121,C122,C123,C124,C125,C126,C127,C128,C129,C130,C131,C132,C133,C134,C135,C136,C137,C138,C139,C140,C141,C142,C143,C144,C145,C146,C147,C148,C149,C15,C150,C151,C152,C153,C2,C25,C26,C3,C32,C35,C4,C5,C6,C7,C72,C73,C76,C8,C82,C83,C88,C89,C90,C91,C92,C93,C94,C95,C96,C97,C98,C99",C_0402_1005Metric,C307331
5m,R71,R_2512_6332Metric,C309526
200k,R72,R_0603_1608Metric,C319781
300k,R74,R_0603_1608Metric,C375510
2.2uF,"C13,C14,C160,C161,C45",C_0805_2012Metric,C377773
5.6uH,L3,IND-JSHC0650-5R6M,C386869
PI_160U30,U3,SOIC-16_3.9x9.9mm_P1.27mm,C471608
INA138,"U22,U8",SOT-23-5,C47914
LM3150MH,U9,HTSSOP-14-1EP_4.4x5mm_P0.65mm_EP3.4x5mm_Mask3x3.1mm,C48112
1.43k,R40,R_0805_2012Metric_Pad1.20x1.40mm_HandSolder,C482962
604k,R38,R_0805_2012Metric_Pad1.20x1.40mm_HandSolder,C483204
PMEG6030EVPX,D3,D_SOD-128,C489223
100nF,"C37,C47,C53,C54,C60,C61,C62,C63,C64,C65,C71,C74,C75",C_0805_2012Metric,C49678
4.7uH,L1,IND-FXL1360_12.6x13.5mm,C526021
WS2812B,"D10,D11,D12,D13,D14,D15,D16,D17,D18,D19,D20,D21,D22,D23,D24,D25,D26,D27,D28,D29,D30,D31,D32,D33,D34,D35,D36,D37,D38,D39,D4,D40,D41,D42,D43,D44,D45,D46,D47,D48,D49,D5,D50,D51,D52,D53,D54,D55,D56,D57,D58,D59,D6,D60,D61,D62,D63,D7,D8,D9",LED3535,C527089
TXS0102DCU,"U12,U13",VSSOP-8_2.3x2mm_P0.5mm,C53434
2N7002-7-F,"Q11,Q2,Q4,Q6,Q9",SOT-23,C53550
CSD17505Q5A,Q7,TDSON-8-1,C553150
USB_C_Receptacle_USB2.0,J4,USB_C_Receptacle_HRO_TYPE-C-31-M-12,C709357
LED_G,"D1,D71",LED_0603_1608Metric,C72043
USBLC6-2SC6,U1,SOT-23-6,C7519
47uF,"C50,C57,C68",C_1206_3216Metric,C76659
D_Zener,"D2,D64,D67,D68,D69,D70",D_MiniMELF,C8056
CSD18540Q5B,Q8,TDSON-8-1,C86513
BSMD1206-300-6V ,"F1,F2,F3",Fuse_1206_3216Metric_Pad1.42x1.75mm_HandSolder,C883136
100uF,C44,C_1210_3225Metric,C90143
STM32F407VGTx,U2,LQFP-100_14x14mm_P0.5mm,C919362
D_Schottky,"D65,D66",D_SMA,C92506
ADUM1201ARZ-RL7,U14,SOIC-8_3.9x4.9mm_P1.27mm,C9669
